48,0.80615234375,0.015458406060733513,-0.053835800807537013,0.79069393768926644,0.74293405114401079,0.5,42.5,36.5,79.5
49,0.294921875,0.032245949171433377,-0.032301480484522208,0.22605483207856661,0.74293405114401079,240.5,136.5,249.5,172.5
50,0.5322265625,-0.0047747071626850213,-0.032301480484522208,0.53358330091268513,0.74293405114401079,146.5,138.5,171.5,174.5
51,0.50390625,-0.022302886839670216,-0.18304172274562586,0.47298648058967036,0.74293405114401079,198.5,212.5,221.5,255.5
52,0.5732421875,-0.012906265772207229,-0.032301480484522208,0.59005470327220721,0.74293405114401079,117.5,182.5,145.5,218.5
53,0.4658203125,-0.0066279415166554112,-0.13997308209959625,0.44559278526665547,0.74293405114401079,173.5,1.5,194.5,42.5
54,0.55810546875,0.019395214712314979,-0.053835800807537013,0.55775322278768513,0.82907133243607001,146.5,69.5,171.5,110.5
55,0.48876953125,0.020885031123822381,-0.032301480484522208,0.53770871887617766,0.74293405114401079,173.5,163.5,197.5,199.5
56,0.5380859375,0.010631124873822381,-0.053835800807537013,0.52745481262617766,0.74293405114401079,173.5,98.5,197.5,135.5
57,0.55419921875,-0.071500015772207229,-0.13997308209959625,0.53146095327220721,0.74293405114401079,117.5,141.5,145.5,182.5
65,0.67822265625,-0.037739277527759088,-0.032301480484522208,0.71596193377775919,0.74293405114401079,51.5,219.5,86.5,255.5
66,0.56103515625,0.047765472535329784,-0.032301480484522208,0.5430548399646703,0.74293405114401079,198.5,176.5,221.5,212.5
67,0.6767578125,0.014850847493270564,-0.053835800807537013,0.68241477750672952,0.74293405114401079,86.5,218.5,117.5,255.5
68,0.7138671875,0.046369960779777966,-0.032301480484522208,0.69239957047022216,0.74293405114401079,86.5,110.5,116.5,146.5
69,0.490234375,0.039539609269851991,-0.032301480484522208,0.47022601573014811,0.74293405114401079,198.5,68.5,218.5,104.5
70,0.4658203125,0.042469296769851991,-0.032301480484522208,0.47315570323014811,0.74293405114401079,198.5,104.5,218.5,140.5
71,0.7421875,0.01480090217025572,-0.053835800807537013,0.72543347282974424,0.74293405114401079,51.5,70.5,84.5,107.5
72,0.72705078125,0.040510585779777966,-0.032301480484522208,0.68654019547022216,0.74293405114401079,86.5,74.5,116.5,110.5
73,0.26513671875,0.04643107808294078,-0.032301480484522208,0.21870564066705922,0.74293405114401079,240.5,73.5,248.5,109.5
74,0.2490234375,-0.04766295318808883,-0.24764468371467024,0.21074889068808883,0.74293405114401068,240.5,209.5,252.5,255.5
75,0.64599609375,0.044905117029777966,-0.032301480484522208,0.69093472672022216,0.74293405114401079,86.5,38.5,116.5,74.5
76,0.4599609375,0.039539609269851991,-0.032301480484522208,0.47022601573014811,0.74293405114401079,198.5,32.5,218.5,68.5
77,1.01806640625,0.011302429445659488,-0.032301480484522208,1.0018811643043404,0.74293405114401079,0.5,182.5,46.5,218.5
78,0.73876953125,0.035602800618270564,-0.032301480484522208,0.70316673063172952,0.74293405114401079,86.5,182.5,117.5,218.5
79,0.80615234375,0.015458406060733513,-0.053835800807537013,0.79069393768926644,0.74293405114401079,0.5,5.5,36.5,42.5
80,0.51220703125,0.041442788946837186,-0.032301480484522208,0.51519783605316294,0.74293405114401079,198.5,140.5,220.5,176.5
81,0.80615234375,0.010914038841689098,-0.31224764468371463,0.91535549240831093,0.7429340511440109,0.5,133.5,42.5,182.5
82,0.5908203125,0.041537093602792771,-0.032301480484522208,0.64449806264720721,0.74293405114401079,117.5,50.5,145.5,86.5
83,0.455078125,0.022718878806359394,-0.053835800807537013,0.43187096494364069,0.74293405114401079,221.5,218.5,240.5,255.5
84,0.59716796875,-0.024430820470222034,-0.032301480484522208,0.62159878922022216,0.74293405114401079,86.5,2.5,116.5,38.5
85,0.7099609375,0.042732824066285369,-0.053835800807537013,0.66722811343371469,0.74293405114401079,117.5,218.5,146.5,255.5
86,0.658203125,-0.047749043152759088,-0.053835800807537013,0.70595216815275919,0.74293405114401079,51.5,182.5,86.5,219.5
87,1.01416015625,-0.042289230736877598,-0.053835800807537013,1.0559611057368774,0.74293405114401079,0.5,218.5,51.5,255.5
88,0.6982421875,-0.016962351741251682,-0.032301480484522208,0.71520453924125171,0.74293405114401079,51.5,107.5,85.5,143.5
89,0.62109375,-0.054779175954744283,-0.032301480484522208,0.65585339470474424,0.74293405114401079,51.5,34.5,84.5,70.5
90,0.64208984375,-0.017619855631729436,-0.032301480484522208,0.64994407438172952,0.74293405114401079,86.5,146.5,117.5,182.5
97,0.56201171875,-0.031241785308714631,-0.032301480484522208,0.59325350405871469,0.57065948855989235,51.5,6.5,80.5,34.5
98,0.47607421875,0.036609921769851991,-0.032301480484522208,0.46729632823014811,0.57065948855989235,198.5,4.5,218.5,32.5
99,0.52001953125,0.01209596862382238,-0.032301480484522208,0.52891965637617766,0.57065948855989235,173.5,70.5,197.5,98.5
100,0.59619140625,0.041367870962314979,-0.032301480484522208,0.57972587903768513,0.57065948855989235,146.5,110.5,171.5,138.5
101,0.41796875,0.035464136629374199,-0.032301480484522208,0.40154758212062586,0.57065948855989235,221.5,162.5,238.5,190.5
102,0.39404296875,0.038393824129374199,-0.032301480484522208,0.40447726962062586,0.57065948855989235,221.5,107.5,238.5,135.5
103,0.591796875,0.0044526912643001737,-0.053835800807537013,0.58587933998569997,0.57065948855989235,117.5,21.5,144.5,50.5
104,0.60595703125,0.033799511587314979,-0.032301480484522208,0.57215751966268513,0.54912516823687763,146.5,42.5,171.5,69.5
105,0.2529296875,0.03837443745794078,-0.032301480484522208,0.21064900004205922,0.54912516823687763,240.5,109.5,248.5,136.5
106,0.2490234375,-0.04522154693808883,-0.24764468371467024,0.21319029693808883,0.54912516823687751,240.5,172.5,252.5,209.5
107,0.55078125,0.034995242050807576,-0.032301480484522208,0.59488757044919249,0.54912516823687763,146.5,174.5,172.5,201.5
108,0.39501953125,0.036440699129374199,-0.032301480484522208,0.40252414462062586,0.54912516823687763,221.5,135.5,238.5,162.5
109,0.8291015625,0.00027174198771870786,-0.032301480484522208,0.81857591426228127,0.54912516823687763,0.5,79.5,38.5,106.5
110,0.60888671875,0.035264355337314979,-0.032301480484522208,0.57362236341268513,0.54912516823687763,146.5,15.5,171.5,42.5
111,0.630859375,0.014193343602792771,-0.032301480484522208,0.61715431264720721,0.57065948855989235,117.5,113.5,145.5,141.5
112,0.44091796875,0.037855597556359394,-0.032301480484522208,0.44700768369364069,0.57065948855989235,221.5,190.5,240.5,218.5
113,0.630859375,0.0066943162222409154,-0.26917900403768502,0.76039552752775919,0.57065948855989235,51.5,143.5,86.5,182.5
114,0.4990234375,0.032115499873822381,-0.032301480484522208,0.54893918762617766,0.57065948855989235,173.5,135.5,197.5,163.5
115,0.3720703125,0.013760593665881581,-0.053835800807537013,0.3583097188341185,0.57065948855989235,221.5,78.5,237.5,107.5
116,0.48095703125,-0.028700488412685021,-0.032301480484522208,0.50965751966268513,0.57065948855989235,173.5,227.5,198.5,255.5
117,0.58984375,0.035045187373822381,-0.053835800807537013,0.55186887512617766,0.54912516823687751,173.5,199.5,197.5,227.5
118,0.5,-0.040713324360699826,-0.032301480484522208,0.54071332436069997,0.54912516823687763,146.5,228.5,173.5,255.5
119,0.77294921875,-0.033200496298788698,-0.032301480484522208,0.80663799629878874,0.54912516823687763,0.5,106.5,39.5,133.5
120,0.544921875,-0.018252386860699826,-0.032301480484522208,0.56317426186069997,0.54912516823687763,146.5,201.5,173.5,228.5
121,0.494140625,-0.056851578272207229,-0.032301480484522208,0.54610939077220721,0.54912516823687763,117.5,86.5,145.5,113.5
122,0.48583984375,-0.019886453251177619,-0.032301480484522208,0.49693723450117766,0.57065948855989235,173.5,42.5,197.5,70.5
